family,dataset,model,variant,role,model_id,MSE,MAE,RMSE,public_best_model,public_best_MSE,public_best_MAE,gain_vs_public_best_MSE_pct,gain_vs_public_best_MAE_pct,gain_vs_mesa_main_MSE_pct,gain_vs_mesa_main_MAE_pct
sota_public,USCHAD,GraFITi,grafiti,public backbone,mesa_strict_loso_USCHAD_grafiti_public_loso_subject14_e8_r5401,0.2996117174625397,0.336162269115448,,GraFITi,0.2996117174625397,0.336162269115448,0.0,0.0,,
sota_public,USCHAD,PatchTST,patchtst,public backbone,mesa_strict_loso_USCHAD_patchtst_public_loso_subject14_e8_r5401,0.3054508566856384,0.3396385610103607,,GraFITi,0.2996117174625397,0.336162269115448,-1.9489021566150262,-1.0341112653897688,,
ablation,USCHAD,MESANet,masked_anchor_full,full multiresolution backbone with masked affine anchoring,mesa_strict_loso_USCHAD_ablation_masked_anchor_full_loso_subject14_mw0p0_e8_r5401,0.2994394302368164,0.3360038697719574,,GraFITi,0.2996117174625397,0.336162269115448,0.05750350059149726,0.04711990548713294,,
ablation,USCHAD,MESANet,affine_anchor_always_open,affine anchor with an always-open multiresolution gate,mesa_strict_loso_USCHAD_ablation_affine_anchor_always_open_loso_subject14_mw0p0_e8_r5401,0.2994331121444702,0.33605828881263733,,GraFITi,0.2996117174625397,0.336162269115448,0.059612260689299965,0.03093158047875952,,
sota_public,USCHAD,GraFITi,grafiti,public backbone,mesa_strict_loso_USCHAD_grafiti_public_loso_subject14_e8_r5402,0.29978254437446594,0.33892005681991577,,GraFITi,0.2996117174625397,0.336162269115448,-0.05701609849342022,-0.8203739556269678,,
sota_public,USCHAD,PatchTST,patchtst,public backbone,mesa_strict_loso_USCHAD_patchtst_public_loso_subject14_e8_r5402,0.30672457814216614,0.3411889374256134,,GraFITi,0.2996117174625397,0.336162269115448,-2.3740262029357324,-1.4953100844399345,,
ablation,USCHAD,MESANet,masked_anchor_full,full multiresolution backbone with masked affine anchoring,mesa_strict_loso_USCHAD_ablation_masked_anchor_full_loso_subject14_mw0p0_e8_r5402,0.2977741062641144,0.3341120481491089,,GraFITi,0.2996117174625397,0.336162269115448,0.6133308850495971,0.6098902686889602,,
ablation,USCHAD,MESANet,affine_anchor_always_open,affine anchor with an always-open multiresolution gate,mesa_strict_loso_USCHAD_ablation_affine_anchor_always_open_loso_subject14_mw0p0_e8_r5402,0.29809626936912537,0.333846777677536,,GraFITi,0.2996117174625397,0.336162269115448,0.5058040140248462,0.6888017040118145,,
sota_public,USCHAD,GraFITi,grafiti,public backbone,mesa_strict_loso_USCHAD_grafiti_public_loso_subject14_e8_r5403,0.2997618615627289,0.3382333517074585,,GraFITi,0.2996117174625397,0.336162269115448,-0.0501128932675944,-0.6160960887907463,,
sota_public,USCHAD,PatchTST,patchtst,public backbone,mesa_strict_loso_USCHAD_patchtst_public_loso_subject14_e8_r5403,0.3058946132659912,0.3399518132209778,,GraFITi,0.2996117174625397,0.336162269115448,-2.0970127125408857,-1.1272960869467312,,
ablation,USCHAD,MESANet,masked_anchor_full,full multiresolution backbone with masked affine anchoring,mesa_strict_loso_USCHAD_ablation_masked_anchor_full_loso_subject14_mw0p0_e8_r5403,0.29952892661094666,0.33624300360679626,,GraFITi,0.2996117174625397,0.336162269115448,0.027632714866490122,-0.024016523793912163,,
ablation,USCHAD,MESANet,affine_anchor_always_open,affine anchor with an always-open multiresolution gate,mesa_strict_loso_USCHAD_ablation_affine_anchor_always_open_loso_subject14_mw0p0_e8_r5403,0.29962989687919617,0.33628031611442566,,GraFITi,0.2996117174625397,0.336162269115448,-0.006067658771979472,-0.03511607631882099,,
