dataset,test_subject,comparator,MESANet_MSE,public_MSE,log_MSE_ratio,MESANet_MAE,public_MAE,log_MAE_ratio,MSE_win,MAE_win
MHEALTH,subject1,PatchTST,0.9031385183334351,0.9447375535964966,-0.04503122827454395,0.45944157242774963,0.4800283908843994,-0.0438334707907279,True,True
MHEALTH,subject10,PatchTST,0.5509851574897766,0.5766582489013672,-0.0455419300513355,0.402410626411438,0.43014654517173767,-0.06665292733257003,True,True
MHEALTH,subject2,PatchTST,0.4687540531158447,0.4997890293598175,-0.06410784420518281,0.38848963379859924,0.4118208885192871,-0.05832203139787396,True,True
MHEALTH,subject3,PatchTST,0.637238085269928,0.6865001916885376,-0.07446315845725264,0.4522784352302551,0.4855111539363861,-0.07090426426550528,True,True
MHEALTH,subject4,PatchTST,0.4995896816253662,0.5645725131034851,-0.122281706027238,0.39444923400878906,0.4362439513206482,-0.10071116063593073,True,True
MHEALTH,subject5,PatchTST,0.7962419986724854,0.8713513612747192,-0.09014213729190634,0.49124929308891296,0.5312033891677856,-0.07819325417463216,True,True
MHEALTH,subject6,PatchTST,0.5728046894073486,0.5896825790405273,-0.029039588071307593,0.414995014667511,0.4277190566062927,-0.03020006294300822,True,True
MHEALTH,subject7,PatchTST,0.5452191829681396,0.5569711327552795,-0.021325527894044783,0.37923428416252136,0.41004112362861633,-0.07810327808674207,True,True
MHEALTH,subject8,PatchTST,0.6535717844963074,0.6678096055984497,-0.021550738112400186,0.395231157541275,0.4192752540111542,-0.05905683235337089,True,True
MHEALTH,subject9,PatchTST,0.5956456661224365,0.7178401350975037,-0.18660092085030366,0.42110756039619446,0.4883919060230255,-0.1482298807369395,True,True
USCHAD,subject1,PatchTST,0.7517861127853394,0.7615815997123718,-0.012945464137825232,0.4837590754032135,0.5002021193504333,-0.033425250749152924,True,True
USCHAD,subject10,PatchTST,0.5627031922340393,0.6161443591117859,-0.09072898579669021,0.4034794569015503,0.4385252594947815,-0.08329184032411066,True,True
USCHAD,subject11,PatchTST,1.3860360383987427,1.4291538000106812,-0.030634618715077087,0.5828180313110352,0.5950849056243896,-0.02082908094500358,True,True
USCHAD,subject12,PatchTST,1.1568636894226074,1.1989973783493042,-0.03577306205034492,0.4986552298069,0.519224226474762,-0.0404208907381325,True,True
USCHAD,subject13,PatchTST,0.5072349309921265,0.5400174856185913,-0.06262724880505875,0.3873516321182251,0.4097886085510254,-0.05630854721866817,True,True
USCHAD,subject14,PatchTST,0.2921929955482483,0.3054508566856384,-0.04437437615957845,0.3291458487510681,0.3396385610103607,-0.03138103450707685,True,True
USCHAD,subject2,PatchTST,0.5943288207054138,0.6156743764877319,-0.03528547776206102,0.4490579068660736,0.46419885754585266,-0.03316118476462384,True,True
USCHAD,subject3,PatchTST,0.5711423754692078,0.609743595123291,-0.06540001028390269,0.3468063771724701,0.3703708350658417,-0.06573812729424831,True,True
USCHAD,subject4,PatchTST,0.9205029606819153,0.9493995904922485,-0.030909557731471124,0.4015747308731079,0.4180532693862915,-0.04021521786311498,True,True
USCHAD,subject5,PatchTST,0.32271134853363037,0.3320606052875519,-0.028559232421972718,0.2936558723449707,0.30943939089775085,-0.05235366432327523,True,True
USCHAD,subject6,PatchTST,0.4885009229183197,0.5169804692268372,-0.05666373589938016,0.3126285672187805,0.33008265495300293,-0.05432729298425138,True,True
USCHAD,subject7,PatchTST,0.361343652009964,0.37507784366607666,-0.03730413739067643,0.2824938893318176,0.29720205068588257,-0.05075529317087474,True,True
USCHAD,subject8,PatchTST,0.8740297555923462,0.9111961126327515,-0.04164372554132288,0.5274111032485962,0.5450931787490845,-0.03297642373017794,True,True
USCHAD,subject9,PatchTST,0.6126879453659058,0.6084936857223511,0.006869209344960297,0.44601312279701233,0.4481385350227356,-0.004754039675824438,False,True
