protocol,dataset,model,validation_frozen_trial,MSE,MAE,model_id
group_async_current,HumanActivity,MESANet,width_3half,0.04720599949359894,0.11785682290792465,mesa_v673_group_confirm_HumanActivity_mesanet_width_3half_r5401
group_async_current,HumanActivity,KAFNet,lr_double,0.047635458409786224,0.12724736332893372,mesa_v673_group_confirm_HumanActivity_kafnet_lr_double_r5401
group_async_current,MHEALTH,MESANet,width_3half,0.6133080124855042,0.4262307584285736,mesa_v673_group_confirm_MHEALTH_mesanet_width_3half_r5401
group_async_current,MHEALTH,PatchTST,lr_double,0.6628011465072632,0.4559507668018341,mesa_v673_group_confirm_MHEALTH_patchtst_lr_double_r5401
group_async_current,OPPORTUNITY,MESANet,dropout_0p1,0.7221306562423706,0.557859480381012,mesa_v673_group_confirm_OPPORTUNITY_mesanet_dropout_0p1_r5401
group_async_current,OPPORTUNITY,tPatchGNN,lr_double,0.7334092259407043,0.5689924359321594,mesa_v673_group_confirm_OPPORTUNITY_tpatchgnn_lr_double_r5401
group_async_current,PAMAP2,MESANet,width_3half,0.8299943804740906,0.459662526845932,mesa_v673_group_confirm_PAMAP2_mesanet_width_3half_r5401
group_async_current,PAMAP2,GraFITi,dropout_0p1,0.8293461799621582,0.46801385283470154,mesa_v673_group_confirm_PAMAP2_grafiti_dropout_0p1_r5401
random_mcar_matched_density,HumanActivity,MESANet,width_3half,0.04720599949359894,0.11785682290792465,mesa_v673_mcar_confirm_HumanActivity_mesanet_width_3half_r5401
random_mcar_matched_density,HumanActivity,KAFNet,lr_double,0.04789995774626732,0.1282074898481369,mesa_v673_mcar_confirm_HumanActivity_kafnet_lr_double_r5401
random_mcar_matched_density,MHEALTH,MESANet,width_3half,0.6371129751205444,0.4367283880710602,mesa_v673_mcar_confirm_MHEALTH_mesanet_width_3half_r5401
random_mcar_matched_density,MHEALTH,PatchTST,lr_double,0.8074421286582947,0.5802811980247498,mesa_v673_mcar_confirm_MHEALTH_patchtst_lr_double_r5401
random_mcar_matched_density,OPPORTUNITY,MESANet,dropout_0p1,0.7426084280014038,0.5674881339073181,mesa_v673_mcar_confirm_OPPORTUNITY_mesanet_dropout_0p1_r5401
random_mcar_matched_density,OPPORTUNITY,tPatchGNN,lr_double,0.7432814240455627,0.5756540894508362,mesa_v673_mcar_confirm_OPPORTUNITY_tpatchgnn_lr_double_r5401
random_mcar_matched_density,PAMAP2,MESANet,width_3half,0.8771964907646179,0.4637225270271301,mesa_v673_mcar_confirm_PAMAP2_mesanet_width_3half_r5401
random_mcar_matched_density,PAMAP2,GraFITi,dropout_0p1,0.8965705037117004,0.48426592350006104,mesa_v673_mcar_confirm_PAMAP2_grafiti_dropout_0p1_r5401
block_dropout_matched_density,HumanActivity,MESANet,width_3half,0.04720599949359894,0.11785682290792465,mesa_v673_block_confirm_HumanActivity_mesanet_width_3half_r5401
block_dropout_matched_density,HumanActivity,KAFNet,lr_double,0.047455888241529465,0.12643404304981232,mesa_v673_block_confirm_HumanActivity_kafnet_lr_double_r5401
block_dropout_matched_density,MHEALTH,MESANet,width_3half,0.6724818348884583,0.45066046714782715,mesa_v673_block_confirm_MHEALTH_mesanet_width_3half_r5401
block_dropout_matched_density,MHEALTH,PatchTST,lr_double,0.6961066126823425,0.4760850667953491,mesa_v673_block_confirm_MHEALTH_patchtst_lr_double_r5401
block_dropout_matched_density,OPPORTUNITY,MESANet,dropout_0p1,0.7911737561225891,0.5975130200386047,mesa_v673_block_confirm_OPPORTUNITY_mesanet_dropout_0p1_r5401
block_dropout_matched_density,OPPORTUNITY,tPatchGNN,lr_double,0.7702292799949646,0.6015911102294922,mesa_v673_block_confirm_OPPORTUNITY_tpatchgnn_lr_double_r5401
block_dropout_matched_density,PAMAP2,MESANet,width_3half,0.88865727186203,0.4791289269924164,mesa_v673_block_confirm_PAMAP2_mesanet_width_3half_r5401
block_dropout_matched_density,PAMAP2,GraFITi,dropout_0p1,0.8898817896842957,0.4870595633983612,mesa_v673_block_confirm_PAMAP2_grafiti_dropout_0p1_r5401
