protocol,dataset,frozen_public_model,public_MSE,MESANet_MSE,MSE_gain_percent,public_MAE,MESANet_MAE,MAE_gain_percent
block_dropout_matched_density,HumanActivity,KAFNet,0.047455888241529465,0.04720599949359894,0.5265705841574466,0.12643404304981232,0.11785682290792465,6.783948321978775
block_dropout_matched_density,MHEALTH,PatchTST,0.6961066126823425,0.6724818348884583,3.393844759332157,0.4760850667953491,0.45066046714782715,5.340348063983918
block_dropout_matched_density,OPPORTUNITY,tPatchGNN,0.7702292799949646,0.7911737561225891,-2.719252133307817,0.6015911102294922,0.5975130200386047,0.6778840514002543
block_dropout_matched_density,PAMAP2,GraFITi,0.8898817896842957,0.88865727186203,0.13760454888059329,0.4870595633983612,0.4791289269924164,1.6282682862462214
group_async_current,HumanActivity,KAFNet,0.047635458409786224,0.04720599949359894,0.9015530248346647,0.12724736332893372,0.11785682290792465,7.379752456429741
group_async_current,MHEALTH,PatchTST,0.6628011465072632,0.6133080124855042,7.467267412340946,0.4559507668018341,0.4262307584285736,6.51824945524819
group_async_current,OPPORTUNITY,tPatchGNN,0.7334092259407043,0.7221306562423706,1.5378276273886968,0.5689924359321594,0.557859480381012,1.9566087083229409
group_async_current,PAMAP2,GraFITi,0.8293461799621582,0.8299943804740906,-0.07815801502358755,0.46801385283470154,0.459662526845932,1.7844185462004152
random_mcar_matched_density,HumanActivity,KAFNet,0.04789995774626732,0.04720599949359894,1.448765897340397,0.1282074898481369,0.11785682290792465,8.073371495279037
random_mcar_matched_density,MHEALTH,PatchTST,0.8074421286582947,0.6371129751205444,21.094905441803206,0.5802811980247498,0.4367283880710602,24.738490656312262
random_mcar_matched_density,OPPORTUNITY,tPatchGNN,0.7432814240455627,0.7426084280014038,0.09054390737978153,0.5756540894508362,0.5674881339073181,1.4185525115105573
random_mcar_matched_density,PAMAP2,GraFITi,0.8965705037117004,0.8771964907646179,2.1609023347161544,0.48426592350006104,0.4637225270271301,4.242172632022562
