dataset,metric,public_model,public_mean,public_std,mesanet_mean,mesanet_std,gain_percent,paired_difference,interval_low,interval_high,dagger,mesanet_wins,runs
HumanActivity,MSE,KAFNet,0.044899627566337585,5.367954176188298e-05,0.04525507017970085,0.00029793454588284844,-0.791638222027816,-0.00035544261336326597,-0.0006001561880111695,-0.0001594945788383484,yes,0,5
HumanActivity,MAE,KAFNet,0.11477481722831726,0.0005405657244185852,0.11375308781862259,0.0005595103017376349,0.8902034735217078,0.0010217294096946717,0.000237177312374115,0.0016597911715507507,yes,4,5
MHEALTH,MSE,PatchTST,0.536850118637085,0.006944665686645486,0.5315841317176819,0.01097049702955423,0.9809044902089191,0.0052659869194030765,0.0007619261741638184,0.009313595294952393,yes,4,5
MHEALTH,MAE,PatchTST,0.40399169325828554,0.004687673776796416,0.3921884477138519,0.004925602930416029,2.9216555046559782,0.011803245544433594,0.008457255363464356,0.014648956060409547,yes,5,5
OPPORTUNITY,MSE,tPatchGNN,0.7098466753959656,0.006107747766653549,0.696074378490448,0.006928784268594147,1.940179109500673,0.013772296905517577,0.004174196720123291,0.022594308853149413,yes,4,5
OPPORTUNITY,MAE,PatchTST,0.5567118406295777,0.004686250907856585,0.5495083928108215,0.003908201196453587,1.293927538995726,0.007203447818756104,0.002320516109466553,0.013683044910430908,yes,4,5
PAMAP2,MSE,GraFITi,0.8454926371574402,0.0024410081712235012,0.8409683108329773,0.0028675633060752195,0.5351112624320123,0.004524326324462891,0.0014605283737182616,0.007628417015075684,yes,4,5
PAMAP2,MAE,GraFITi,0.45954521298408507,0.002311288474323145,0.45673903822898865,0.001518580561971717,0.6106417118077169,0.0028061747550964357,0.00023465752601623536,0.005102759599685669,yes,4,5
USCHAD,MSE,PatchTST,0.622704005241394,0.007804959363123495,0.6497637152671814,0.002804169787845964,-4.345517259889397,-0.027059710025787352,-0.0314217209815979,-0.02096344232559204,yes,0,5
USCHAD,MAE,PatchTST,0.39232544898986815,0.0024974877215023458,0.4040485262870789,0.002025898543390397,-2.9881001417049147,-0.011723077297210694,-0.013594210147857666,-0.010335367918014527,yes,0,5
REALDISP,MSE,PatchTST,0.622084629535675,0.010816012749101264,0.6101280689239502,0.009949183339184476,1.9220151156361556,0.011956560611724853,0.010481309890747071,0.013798773288726807,yes,5,5
REALDISP,MAE,PatchTST,0.4447238564491272,0.0053221107487270375,0.4348535120487213,0.004016772871456065,2.2194321841007354,0.009870344400405883,0.006952136754989624,0.012771117687225341,yes,5,5
