dataset,model,runs,MSE_mean,MSE_std,MAE_mean,MAE_std
HumanActivity,KAFNet,5,0.044899627566337585,5.367954176188298e-05,0.11477481722831726,0.0005405657244185852
HumanActivity,MESANet,5,0.04525507017970085,0.00029793454588284844,0.11375308781862259,0.0005595103017376349
MHEALTH,MESANet,5,0.5315841317176819,0.01097049702955423,0.3921884477138519,0.004925602930416029
MHEALTH,PatchTST,5,0.536850118637085,0.006944665686645486,0.40399169325828554,0.004687673776796416
OPPORTUNITY,MESANet,5,0.696074378490448,0.006928784268594147,0.5495083928108215,0.003908201196453587
OPPORTUNITY,PatchTST,5,0.7100436925888062,0.005660602108812301,0.5567118406295777,0.004686250907856585
OPPORTUNITY,tPatchGNN,5,0.7098466753959656,0.006107747766653549,0.5605513334274292,0.004637721673827968
PAMAP2,GraFITi,5,0.8454926371574402,0.0024410081712235012,0.45954521298408507,0.002311288474323145
PAMAP2,MESANet,5,0.8409683108329773,0.0028675633060752195,0.45673903822898865,0.001518580561971717
REALDISP,GraFITi,5,0.694357979297638,0.04821769009701428,0.48032390475273135,0.026834831731165354
REALDISP,MESANet,5,0.6101280689239502,0.009949183339184476,0.4348535120487213,0.004016772871456065
REALDISP,PatchTST,5,0.622084629535675,0.010816012749101264,0.4447238564491272,0.0053221107487270375
USCHAD,MESANet,5,0.6497637152671814,0.002804169787845964,0.4040485262870789,0.002025898543390397
USCHAD,PatchTST,5,0.622704005241394,0.007804959363123495,0.39232544898986815,0.0024974877215023458
