dataset,run,model_id,rho
HumanActivity,5402,v7_fl_ha_r5402,0.5047727227210999
HumanActivity,5403,v7_fl_ha_r5403,0.502888023853302
HumanActivity,5404,v7_fl_ha_r5404,0.5046515464782715
HumanActivity,5405,v7_fl_ha_r5405,0.5035085082054138
MHEALTH,5402,v7_fl_mh_r5402,0.5049296617507935
MHEALTH,5403,v7_fl_mh_r5403,0.505761981010437
MHEALTH,5404,v7_fl_mh_r5404,0.5101726055145264
MHEALTH,5405,v7_fl_mh_r5405,0.4978516399860382
OPPORTUNITY,5402,v7_fl_op_r5402,0.49871039390563965
OPPORTUNITY,5403,v7_fl_op_r5403,0.4991474449634552
OPPORTUNITY,5404,v7_fl_op_r5404,0.497985303401947
OPPORTUNITY,5405,v7_fl_op_r5405,0.49734219908714294
PAMAP2,5402,v7_fl_pa_r5402,0.4989721477031708
PAMAP2,5403,v7_fl_pa_r5403,0.5013706088066101
PAMAP2,5404,v7_fl_pa_r5404,0.5013871192932129
PAMAP2,5405,v7_fl_pa_r5405,0.5011175870895386
REALDISP,5402,v7_fl_rd_r5402,0.5013748407363892
REALDISP,5403,v7_fl_rd_r5403,0.49795839190483093
REALDISP,5404,v7_fl_rd_r5404,0.49973586201667786
REALDISP,5405,v7_fl_rd_r5405,0.5006601214408875
USCHAD,5402,v7_fl_uc_r5402,0.514813244342804
USCHAD,5403,v7_fl_uc_r5403,0.5341567993164062
USCHAD,5404,v7_fl_uc_r5404,0.5261548757553101
USCHAD,5405,v7_fl_uc_r5405,0.5163523554801941
