variant,dataset,runs,MSE_mean,MSE_std,MAE_mean,MAE_std
full_learned,HumanActivity,3,0.04537899295488993,0.00032149949642770476,0.11379043012857437,0.0006747830693035077
full_learned,MHEALTH,3,0.5311524271965027,0.012100053168855492,0.3923974235852559,0.0058592813818044865
full_learned,OPPORTUNITY,3,0.6960339347521464,0.009595677290603922,0.5512155890464783,0.00421067106943907
full_learned,PAMAP2,3,0.8403495947519938,0.003056655511298108,0.4562179942925771,0.0015014129214096876
fixed_rho_half,HumanActivity,3,0.0454556979238987,0.00011652654478598676,0.11363830914100011,0.00023013790931757127
fixed_rho_half,MHEALTH,3,0.5257940292358398,0.0024086321057940037,0.389646182457606,0.0011138984789491682
fixed_rho_half,OPPORTUNITY,3,0.6930942932764689,0.005852566673953423,0.5480709870656332,0.0031275900020137364
fixed_rho_half,PAMAP2,3,0.8441654046376547,0.0028072774659832806,0.4586043854554494,0.0027924543497854226
low_subspace_only_param_matched,HumanActivity,3,0.04531042153636614,0.00042962136265071527,0.11520074804623921,0.00039034125630802043
low_subspace_only_param_matched,MHEALTH,3,0.6163439353307089,0.004885444137825622,0.42095781366030377,0.004235251656319037
low_subspace_only_param_matched,OPPORTUNITY,3,0.7023327350616455,0.001907566353359685,0.5484474500020345,0.0015307133200403264
low_subspace_only_param_matched,PAMAP2,3,0.8506497740745544,0.004493316347566111,0.4613529642422994,0.002245247561307511
no_waveform_coordinate,HumanActivity,3,0.045278688271840416,0.00026601222340470965,0.11395335445801417,0.0005491370701628652
no_waveform_coordinate,MHEALTH,3,0.6206924716631571,0.0052427247059998175,0.4241249163945516,0.00410185479240922
no_waveform_coordinate,OPPORTUNITY,3,0.69645623366038,0.0010443842725254562,0.5461192528406779,0.0005043339947365115
no_waveform_coordinate,PAMAP2,3,0.8430458108584086,0.00040685946423559,0.45755302906036377,0.0009638263515464457
no_multiresolution_coordinate,HumanActivity,3,0.04582320898771286,0.00015237501090770072,0.11441615720589955,0.00022849037751103318
no_multiresolution_coordinate,MHEALTH,3,0.5443188349405924,0.017546187708275405,0.40091604987780255,0.008467783787822897
no_multiresolution_coordinate,OPPORTUNITY,3,0.697631299495697,0.001395668363122446,0.548376460870107,0.0019582384960541684
no_multiresolution_coordinate,PAMAP2,3,0.8476168711980184,0.0035848809359234845,0.46051936348279315,0.0006964081189595382
rho_zero,HumanActivity,3,0.04541298747062683,0.0001416775647675832,0.11420976122220357,0.0009218094486623189
rho_zero,MHEALTH,3,0.524093488852183,0.004351974256232069,0.38877331217130023,0.0020775961176049927
rho_zero,OPPORTUNITY,3,0.6930670142173767,0.006107695241766741,0.5481982032457987,0.00300893386715634
rho_zero,PAMAP2,3,0.8470886945724487,0.005998661298103603,0.45836572845776874,0.0015627957035701367
rho_one,HumanActivity,3,0.045321639627218246,0.00010386757990681453,0.11357892801364262,0.000404994001311987
rho_one,MHEALTH,3,0.5301195780436198,0.005253620739239792,0.3914230366547902,0.002699694775933373
rho_one,OPPORTUNITY,3,0.693601926167806,0.005951267785853877,0.5484319726626078,0.002915646707010786
rho_one,PAMAP2,3,0.842874268690745,0.002501881868930992,0.45768076181411743,0.0015721703615851571
no_affine_anchor,HumanActivity,3,0.04554511979222298,0.00027370844935548745,0.1192743256688118,0.0006819693051700959
no_affine_anchor,MHEALTH,3,0.5620161890983582,0.02191724784879452,0.4136234025160472,0.01246982837213525
no_affine_anchor,OPPORTUNITY,3,0.6813058654467264,0.001223060236175568,0.5414854685465494,0.000749115553708691
no_affine_anchor,PAMAP2,3,0.8474244674046835,0.015598481013647388,0.4669474760691325,0.009626214958409115
