dataset,model,sweep,value,validation_MSE,validation_MAE,default
HumanActivity,MESANet,rho,0.0,0.042031604796648026,0.11515393853187561,False
HumanActivity,MESANet,rho,0.25,0.04212314635515213,0.1154741644859314,False
HumanActivity,MESANet,rho,0.5,0.04215199127793312,0.11528690904378891,True
HumanActivity,MESANet,rho,0.75,0.04215088486671448,0.11651045083999634,False
HumanActivity,MESANet,rho,1.0,0.04224973917007446,0.11585511267185211,False
HumanActivity,MESANet,scale_count,1,0.042801856994628906,0.11690045893192291,False
HumanActivity,MESANet,scale_count,2,0.04270121082663536,0.11637112498283386,False
HumanActivity,MESANet,scale_count,3,0.04240158572793007,0.11539513617753983,False
HumanActivity,MESANet,scale_count,4,0.04215199127793312,0.11528690904378891,True
HumanActivity,MESANet,scale_count,6,0.04193522408604622,0.11525092273950577,False
MHEALTH,MESANet,rho,0.0,0.6189008951187134,0.3775867521762848,False
MHEALTH,MESANet,rho,0.25,0.6165239214897156,0.3765309453010559,False
MHEALTH,MESANet,rho,0.5,0.623796284198761,0.3779646158218384,True
MHEALTH,MESANet,rho,0.75,0.6152763962745667,0.3764130771160126,False
MHEALTH,MESANet,rho,1.0,0.6167706847190857,0.3766212463378906,False
MHEALTH,MESANet,scale_count,1,0.5844514966011047,0.36937016248703003,False
MHEALTH,MESANet,scale_count,2,0.6378297805786133,0.3895317018032074,False
MHEALTH,MESANet,scale_count,3,0.5833428502082825,0.3769131898880005,False
MHEALTH,MESANet,scale_count,4,0.623796284198761,0.3779646158218384,True
MHEALTH,MESANet,scale_count,6,0.5208110809326172,0.3605736196041107,False
OPPORTUNITY,MESANet,rho,0.0,0.9349396228790283,0.530892014503479,False
OPPORTUNITY,MESANet,rho,0.25,0.9336857199668884,0.5299491882324219,False
OPPORTUNITY,MESANet,rho,0.5,0.9328835606575012,0.530059278011322,True
OPPORTUNITY,MESANet,rho,0.75,0.9322558641433716,0.5303089618682861,False
OPPORTUNITY,MESANet,rho,1.0,0.9323570728302002,0.5303030610084534,False
OPPORTUNITY,MESANet,scale_count,1,0.9131392240524292,0.5197528600692749,False
OPPORTUNITY,MESANet,scale_count,2,0.9163298010826111,0.5208107829093933,False
OPPORTUNITY,MESANet,scale_count,3,0.8990435004234314,0.5151512026786804,False
OPPORTUNITY,MESANet,scale_count,4,0.9328835606575012,0.530059278011322,True
OPPORTUNITY,MESANet,scale_count,6,0.9342821836471558,0.534343957901001,False
PAMAP2,MESANet,rho,0.0,0.4920811057090759,0.3672933280467987,False
PAMAP2,MESANet,rho,0.25,0.49159976840019226,0.3668087422847748,False
PAMAP2,MESANet,rho,0.5,0.4919869005680084,0.36664655804634094,True
PAMAP2,MESANet,rho,0.75,0.4919091463088989,0.3665536046028137,False
PAMAP2,MESANet,rho,1.0,0.4906179904937744,0.3659684956073761,False
PAMAP2,MESANet,scale_count,1,0.4533044397830963,0.3611476421356201,False
PAMAP2,MESANet,scale_count,2,0.5366438031196594,0.4037012457847595,False
PAMAP2,MESANet,scale_count,3,0.5063223838806152,0.3812643885612488,False
PAMAP2,MESANet,scale_count,4,0.4919869005680084,0.36664655804634094,True
PAMAP2,MESANet,scale_count,6,0.47911351919174194,0.3676173686981201,False
