dataset,test_subject,metric,runs,public_model,public_mean,mesa_mean,always_open_mean,mesa_gain_pct,mesa_run_wins,mesa_minus_open_pct
MHEALTH,subject1,MSE,3,PatchTST,0.9752299189567566,1.0206037362416585,1.0208602746327717,-4.652627693522784,1,0.025129628166358452
MHEALTH,subject1,MAE,3,tPatchGNN,0.4878268837928772,0.47508329153060913,0.4748367468516032,2.612318567436471,3,-0.05192198806024017
MHEALTH,subject10,MSE,3,PatchTST,0.5783766905466715,0.6009697914123535,0.6007371346155802,-3.9062951939379507,0,-0.03872855253441124
MHEALTH,subject10,MAE,3,PatchTST,0.42947285374005634,0.426598717768987,0.4270792106787364,0.6692241304752969,3,0.11250674294957176
MHEALTH,subject2,MSE,3,PatchTST,0.4999499022960663,0.5151333411534628,0.5139905015627543,-3.0369920641378525,0,-0.22234644166259107
MHEALTH,subject2,MAE,3,tPatchGNN,0.41369717319806415,0.4065063993136088,0.40454044938087463,1.7381733186300086,3,-0.48597116450109273
MHEALTH,subject3,MSE,3,PatchTST,0.6887316107749939,0.7257234652837118,0.7225945989290873,-5.371011571124619,0,-0.433004392679049
MHEALTH,subject3,MAE,3,tPatchGNN,0.48482032616933185,0.4870622158050537,0.48508088787396747,-0.4624165932636336,1,-0.4084531014549113
MHEALTH,subject4,MSE,3,PatchTST,0.571425994237264,0.5675023595492045,0.5648685296376547,0.6866391672112864,3,-0.4662730836216581
MHEALTH,subject4,MAE,3,PatchTST,0.4416404167811076,0.4261607726414998,0.4249721070130666,3.5050334053280356,3,-0.27970438737445885
MHEALTH,subject5,MSE,3,PatchTST,0.8626255591710409,0.9073198040326437,0.8959704637527466,-5.181187177499436,0,-1.266709198466287
MHEALTH,subject5,MAE,3,PatchTST,0.5272873838742574,0.5296986699104309,0.5222834944725037,-0.4573001573556493,2,-1.4197606312289137
MHEALTH,subject6,MSE,3,PatchTST,0.589218000570933,0.6343758900960287,0.6353679696718851,-7.664037670495331,0,0.15614252263436879
MHEALTH,subject6,MAE,3,PatchTST,0.4292870759963989,0.4294686218102773,0.42984015742937726,-0.042290072082179726,1,0.08643576284773141
MHEALTH,subject7,MSE,3,tPatchGNN,0.5282239317893982,0.5245790282885233,0.5195427735646566,0.6900299818918636,1,-0.9693628667592178
MHEALTH,subject7,MAE,3,tPatchGNN,0.39949995279312134,0.38838617006937665,0.3875497182210286,2.7819234135178728,3,-0.21583084931337013
MHEALTH,subject8,MSE,3,PatchTST,0.6757063070933024,0.7100656231244405,0.7024341622988383,-5.084948249031779,1,-1.08643076251118
MHEALTH,subject8,MAE,3,PatchTST,0.4259055256843567,0.40646905700365704,0.40676700075467426,4.563563398119476,3,0.07324678512869554
MHEALTH,subject9,MSE,3,PatchTST,0.6840759118398031,0.7328126430511475,0.7232107917467753,-7.12446241240512,0,-1.3276698044260071
MHEALTH,subject9,MAE,3,PatchTST,0.471124400695165,0.47270163893699646,0.46687642733256024,-0.33478169237343575,1,-1.2476988049531295
USCHAD,subject1,MSE,3,GraFITi,0.7395729223887125,0.7384153207143148,0.7370219031969706,0.15652299311592266,2,-0.18906053012807644
USCHAD,subject1,MAE,3,GraFITi,0.4847930371761322,0.48288577795028687,0.4822099606196086,0.39341720684664094,3,-0.14015001469689758
USCHAD,subject10,MSE,3,PatchTST,0.6231878995895386,0.6580671072006226,0.6576736569404602,-5.596900651321552,0,-0.05982454307090681
USCHAD,subject10,MAE,3,PatchTST,0.44167328874270123,0.4527391791343689,0.45216817657152814,-2.5054470518623893,0,-0.12628101499098637
USCHAD,subject11,MSE,3,GraFITi,1.3923118114471436,1.3910776376724243,1.3912132183710735,0.08864205306399438,3,0.009745501038863734
USCHAD,subject11,MAE,3,GraFITi,0.5890570481618246,0.5873026251792908,0.5873881578445435,0.2978358357664262,3,0.014561523604179026
USCHAD,subject12,MSE,3,PatchTST,1.1972561677296956,1.2022087176640828,1.2019886175791423,-0.41365833544031855,0,-0.018311328553487938
USCHAD,subject12,MAE,3,GraFITi,0.5187828540802002,0.5160027941068014,0.5159930388132731,0.535881236539292,3,-0.0018905862665800771
USCHAD,subject13,MSE,3,PatchTST,0.5439823269844055,0.5877935489018759,0.5872147480646769,-8.053795085649222,0,-0.09856714925954432
USCHAD,subject13,MAE,3,PatchTST,0.4105125665664673,0.41802777846654254,0.41747933626174927,-1.8306898526718909,1,-0.13136990436561774
USCHAD,subject14,MSE,3,GraFITi,0.2997187077999115,0.2989141543706258,0.29905309279759723,0.2684361731009509,3,0.04645945162167935
USCHAD,subject14,MAE,3,GraFITi,0.3377718925476074,0.33545297384262085,0.33539512753486633,0.6865339467699288,3,-0.017247211722985788
USCHAD,subject2,MSE,3,PatchTST,0.6155708233515421,0.6300456126530966,0.6302569508552551,-2.351441743574667,0,0.033532070034576894
USCHAD,subject2,MAE,3,PatchTST,0.46463415026664734,0.4648091495037079,0.4649616479873657,-0.03766387747437788,1,0.032798077931361067
USCHAD,subject3,MSE,3,PatchTST,0.5845027963320414,0.6434548298517863,0.6432970563570658,-10.085842854762957,0,-0.024525760402809287
USCHAD,subject3,MAE,3,PatchTST,0.3629149893919627,0.3712143500645955,0.37122493982315063,-2.2868608118220144,0,0.0028526527770892235
USCHAD,subject4,MSE,3,PatchTST,0.95852130651474,1.0654475688934326,1.0654892524083455,-11.155334957288018,0,0.003912147853076052
USCHAD,subject4,MAE,3,PatchTST,0.4237165649731954,0.44340745608011883,0.4432937502861023,-4.647184635835306,0,-0.025650213643470688
USCHAD,subject5,MSE,3,PatchTST,0.3417059083779653,0.39172709981600445,0.39159196615219116,-14.638667407152383,0,-0.03450879371737986
USCHAD,subject5,MAE,3,PatchTST,0.3144312898317973,0.3358440001805623,0.33580102523167926,-6.809980762480601,0,-0.012797742012076029
USCHAD,subject6,MSE,3,PatchTST,0.5200634201367696,0.5555356740951538,0.5546994209289551,-6.820755428069798,0,-0.15075789421201438
USCHAD,subject6,MAE,3,PatchTST,0.33064067363739014,0.34586769342422485,0.3452076216538747,-4.605307513840241,0,-0.19121008023744718
USCHAD,subject7,MSE,3,PatchTST,0.3788624207178752,0.40857114394505817,0.40829503536224365,-7.841559785974649,0,-0.0676247710358637
USCHAD,subject7,MAE,3,PatchTST,0.3012944459915161,0.3065079947312673,0.3061591188112895,-1.7303832875492053,0,-0.11395248370597356
USCHAD,subject8,MSE,3,GraFITi,0.9008491436640421,0.9021416703859965,0.9010215004285177,-0.1434787090652299,0,-0.12432222282665002
USCHAD,subject8,MAE,3,PatchTST,0.5459965268770853,0.5469793478647867,0.5469372868537903,-0.18000498891866917,1,-0.007690280404617501
USCHAD,subject9,MSE,3,PatchTST,0.6039239565531412,0.6289009054501852,0.6288202603658041,-4.135777133200401,0,-0.012824822841139023
USCHAD,subject9,MAE,3,PatchTST,0.4438648720582326,0.45666537682215375,0.4566277464230855,-2.8838742531176886,0,-0.008240935721275119
