dataset,model,run,selected_trial,MSE,MAE,model_id,source
HumanActivity,KAFNet,5402,lr_double,0.04491188004612923,0.1141049861907959,p8_kf_ha_r5402,current_root
MHEALTH,PatchTST,5402,lr_double,0.5319206714630127,0.4003940522670746,p8_pt_mh_r5402,current_root
OPPORTUNITY,tPatchGNN,5402,lr_double,0.7027339339256287,0.5619128942489624,p8_tg_op_r5402,frozen_equal_hpo_core
OPPORTUNITY,PatchTST,5402,width_3half,0.7060947418212891,0.5548259019851685,p8_pt_op_r5402,current_root
PAMAP2,GraFITi,5402,dropout_0p1,0.8454651832580566,0.4595664441585541,p8_gf_pa_r5402,frozen_equal_hpo_core
USCHAD,PatchTST,5402,lr_double,0.6249531507492065,0.39323723316192627,p8_pt_uc_r5402,current_root
REALDISP,GraFITi,5402,lr_double,0.6933543682098389,0.45656412839889526,p8_gf_rd_r5402,current_root
REALDISP,PatchTST,5402,default,0.6283431053161621,0.44374990463256836,p8_pt_rd_r5402,current_root
HumanActivity,KAFNet,5403,lr_double,0.04492172971367836,0.11447671055793762,p8_kf_ha_r5403,frozen_equal_hpo_core
MHEALTH,PatchTST,5403,lr_double,0.5412840247154236,0.4044537842273712,p8_pt_mh_r5403,frozen_equal_hpo_core
OPPORTUNITY,tPatchGNN,5403,lr_double,0.7038010358810425,0.564235508441925,p8_tg_op_r5403,frozen_equal_hpo_core
OPPORTUNITY,PatchTST,5403,width_3half,0.7067098021507263,0.5536261200904846,p8_pt_op_r5403,frozen_equal_hpo_core
PAMAP2,GraFITi,5403,dropout_0p1,0.8420608639717102,0.4617544114589691,p8_gf_pa_r5403,frozen_equal_hpo_core
USCHAD,PatchTST,5403,lr_double,0.6165672540664673,0.38932931423187256,p8_pt_uc_r5403,current_root
REALDISP,GraFITi,5403,lr_double,0.7377676367759705,0.4866071939468384,p8_gf_rd_r5403,current_root
REALDISP,PatchTST,5403,default,0.6253588795661926,0.4408957362174988,p8_pt_rd_r5403,current_root
HumanActivity,KAFNet,5404,lr_double,0.0448712483048439,0.11487538367509842,p8_kf_ha_r5404,current_root
MHEALTH,PatchTST,5404,lr_double,0.5469716787338257,0.4119228422641754,p8_pt_mh_r5404,current_root
OPPORTUNITY,tPatchGNN,5404,lr_double,0.7129944562911987,0.5546284914016724,p8_tg_op_r5404,current_root
OPPORTUNITY,PatchTST,5404,width_3half,0.7051451206207275,0.5530779957771301,p8_pt_op_r5404,current_root
PAMAP2,GraFITi,5404,dropout_0p1,0.8484547734260559,0.46194565296173096,p8_gf_pa_r5404,current_root
USCHAD,PatchTST,5404,lr_double,0.6198965311050415,0.39323869347572327,p8_pt_uc_r5404,current_root
REALDISP,GraFITi,5404,lr_double,0.7128552794456482,0.5021902322769165,p8_gf_rd_r5404,current_root
REALDISP,PatchTST,5404,default,0.6278228759765625,0.4431457817554474,p8_pt_rd_r5404,current_root
HumanActivity,KAFNet,5405,lr_double,0.04482570290565491,0.1148584857583046,p8_kf_ha_r5405,current_root
MHEALTH,PatchTST,5405,lr_double,0.5317384004592896,0.4020053446292877,p8_pt_mh_r5405,current_root
OPPORTUNITY,tPatchGNN,5405,lr_double,0.7158675789833069,0.5567981004714966,p8_tg_op_r5405,current_root
OPPORTUNITY,PatchTST,5405,width_3half,0.7148554921150208,0.5645169615745544,p8_pt_op_r5405,current_root
PAMAP2,GraFITi,5405,dropout_0p1,0.846997857093811,0.4571935832500458,p8_gf_pa_r5405,current_root
USCHAD,PatchTST,5405,lr_double,0.6352888941764832,0.39552077651023865,p8_pt_uc_r5405,current_root
REALDISP,GraFITi,5405,lr_double,0.714982807636261,0.5080342888832092,p8_gf_rd_r5405,current_root
REALDISP,PatchTST,5405,default,0.6260363459587097,0.441796213388443,p8_pt_rd_r5405,current_root
