dataset,variant,run,selected_trial,MSE,MAE,model_id,source
HumanActivity,fixed_rho_half,5401,width_3half,0.0453801155090332,0.11378184705972672,mesa_v671_final_frh_ha_r5401,v667_protocol_compatible_fixed_rho
MHEALTH,fixed_rho_half,5401,width_3half,0.5282223224639893,0.3908423185348511,mesa_v671_final_frh_mh_r5401,v667_protocol_compatible_fixed_rho
OPPORTUNITY,fixed_rho_half,5401,dropout_0p1,0.6865083575248718,0.5516793727874756,mesa_v671_final_frh_op_r5401,v667_protocol_compatible_fixed_rho
PAMAP2,fixed_rho_half,5401,width_3half,0.8416303992271423,0.4566604197025299,mesa_v671_final_frh_pa_r5401,v667_protocol_compatible_fixed_rho
USCHAD,fixed_rho_half,5401,lr_double,0.6493463516235352,0.4050518870353699,mesa_v671_final_frh_uc_r5401,current_root
REALDISP,fixed_rho_half,5401,width_3half,0.6139131784439087,0.4314018189907074,mesa_v671_final_frh_rd_r5401,current_root
HumanActivity,fixed_rho_half,5402,width_3half,0.04558989405632019,0.11376021802425385,mesa_v671_final_frh_ha_r5402,v667_protocol_compatible_fixed_rho
MHEALTH,fixed_rho_half,5402,width_3half,0.5234055519104004,0.38863858580589294,mesa_v671_final_frh_mh_r5402,v667_protocol_compatible_fixed_rho
OPPORTUNITY,fixed_rho_half,5402,dropout_0p1,0.6976993680000305,0.5461384057998657,mesa_v671_final_frh_op_r5402,v667_protocol_compatible_fixed_rho
PAMAP2,fixed_rho_half,5402,width_3half,0.8436833024024963,0.45734846591949463,mesa_v671_final_frh_pa_r5402,v667_protocol_compatible_fixed_rho
USCHAD,fixed_rho_half,5402,lr_double,0.6548186540603638,0.40527206659317017,mesa_v671_final_frh_uc_r5402,current_root
REALDISP,fixed_rho_half,5402,width_3half,0.6182891130447388,0.43665382266044617,mesa_v671_final_frh_rd_r5402,current_root
HumanActivity,fixed_rho_half,5403,width_3half,0.0453970842063427,0.11337286233901978,mesa_v671_final_frh_ha_r5403,v667_protocol_compatible_fixed_rho
MHEALTH,fixed_rho_half,5403,width_3half,0.5257542133331299,0.389457643032074,mesa_v671_final_frh_mh_r5403,v667_protocol_compatible_fixed_rho
OPPORTUNITY,fixed_rho_half,5403,dropout_0p1,0.6950751543045044,0.5463951826095581,mesa_v671_final_frh_op_r5403,v667_protocol_compatible_fixed_rho
PAMAP2,fixed_rho_half,5403,width_3half,0.8471825122833252,0.46180427074432373,mesa_v671_final_frh_pa_r5403,v667_protocol_compatible_fixed_rho
USCHAD,fixed_rho_half,5403,lr_double,0.6518491506576538,0.40424588322639465,mesa_v671_final_frh_uc_r5403,current_root
REALDISP,fixed_rho_half,5403,width_3half,0.6132099032402039,0.43102866411209106,mesa_v671_final_frh_rd_r5403,current_root
HumanActivity,fixed_rho_half,5404,width_3half,0.0450696237385273,0.11307787150144577,mesa_v671_final_frh_ha_r5404,current_root
MHEALTH,fixed_rho_half,5404,width_3half,0.5234561562538147,0.38906729221343994,mesa_v671_final_frh_mh_r5404,current_root
OPPORTUNITY,fixed_rho_half,5404,dropout_0p1,0.6985503435134888,0.5474562644958496,mesa_v671_final_frh_op_r5404,current_root
PAMAP2,fixed_rho_half,5404,width_3half,0.8382134437561035,0.4554443359375,mesa_v671_final_frh_pa_r5404,current_root
USCHAD,fixed_rho_half,5404,lr_double,0.6566261053085327,0.40633347630500793,mesa_v671_final_frh_uc_r5404,current_root
REALDISP,fixed_rho_half,5404,width_3half,0.6129505634307861,0.4315095543861389,mesa_v671_final_frh_rd_r5404,current_root
HumanActivity,fixed_rho_half,5405,width_3half,0.04497618228197098,0.11306110769510269,mesa_v671_final_frh_ha_r5405,current_root
MHEALTH,fixed_rho_half,5405,width_3half,0.5327985286712646,0.3925915062427521,mesa_v671_final_frh_mh_r5405,current_root
OPPORTUNITY,fixed_rho_half,5405,dropout_0p1,0.6942363977432251,0.5457708239555359,mesa_v671_final_frh_op_r5405,current_root
PAMAP2,fixed_rho_half,5405,width_3half,0.8451792597770691,0.4587697982788086,mesa_v671_final_frh_pa_r5405,current_root
USCHAD,fixed_rho_half,5405,lr_double,0.6473183035850525,0.404377818107605,mesa_v671_final_frh_uc_r5405,current_root
REALDISP,fixed_rho_half,5405,width_3half,0.6122466921806335,0.4299429953098297,mesa_v671_final_frh_rd_r5405,current_root
HumanActivity,shared_transfer_matched,5401,width_3half,0.04605815187096596,0.11518043279647827,mesa_v671_final_stm_ha_r5401,current_root
MHEALTH,shared_transfer_matched,5401,width_3half,0.5284117460250854,0.3907378315925598,mesa_v671_final_stm_mh_r5401,current_root
OPPORTUNITY,shared_transfer_matched,5401,dropout_0p1,0.6953083276748657,0.5480402708053589,mesa_v671_final_stm_op_r5401,current_root
PAMAP2,shared_transfer_matched,5401,width_3half,0.8420554995536804,0.4562261700630188,mesa_v671_final_stm_pa_r5401,current_root
HumanActivity,shared_transfer_matched,5402,width_3half,0.04591495171189308,0.11484620720148087,mesa_v671_final_stm_ha_r5402,current_root
MHEALTH,shared_transfer_matched,5402,width_3half,0.5239881873130798,0.38866913318634033,mesa_v671_final_stm_mh_r5402,current_root
OPPORTUNITY,shared_transfer_matched,5402,dropout_0p1,0.7037476897239685,0.5469139218330383,mesa_v671_final_stm_op_r5402,current_root
PAMAP2,shared_transfer_matched,5402,width_3half,0.8463603854179382,0.4594407081604004,mesa_v671_final_stm_pa_r5402,current_root
HumanActivity,shared_transfer_matched,5403,width_3half,0.04558033496141434,0.11351966112852097,mesa_v671_final_stm_ha_r5403,current_root
MHEALTH,shared_transfer_matched,5403,width_3half,0.5186658501625061,0.38694360852241516,mesa_v671_final_stm_mh_r5403,current_root
OPPORTUNITY,shared_transfer_matched,5403,dropout_0p1,0.6950395107269287,0.5454294085502625,mesa_v671_final_stm_op_r5403,current_root
PAMAP2,shared_transfer_matched,5403,width_3half,0.8516637682914734,0.4609353840351105,mesa_v671_final_stm_pa_r5403,current_root
HumanActivity,random_basis,5401,width_3half,0.04680851474404335,0.12034225463867188,mesa_v671_final_rb_ha_r5401,current_root
MHEALTH,random_basis,5401,width_3half,0.5447622537612915,0.40204256772994995,mesa_v671_final_rb_mh_r5401,current_root
OPPORTUNITY,random_basis,5401,dropout_0p1,0.699043333530426,0.549242377281189,mesa_v671_final_rb_op_r5401,current_root
PAMAP2,random_basis,5401,width_3half,0.86394864320755,0.4662373960018158,mesa_v671_final_rb_pa_r5401,current_root
HumanActivity,random_basis,5402,width_3half,0.04795454069972038,0.12163319438695908,mesa_v671_final_rb_ha_r5402,current_root
MHEALTH,random_basis,5402,width_3half,0.5345264673233032,0.3979399800300598,mesa_v671_final_rb_mh_r5402,current_root
OPPORTUNITY,random_basis,5402,dropout_0p1,0.7021495699882507,0.5500197410583496,mesa_v671_final_rb_op_r5402,current_root
PAMAP2,random_basis,5402,width_3half,0.8576078414916992,0.46280723810195923,mesa_v671_final_rb_pa_r5402,current_root
HumanActivity,random_basis,5403,width_3half,0.04711475968360901,0.12110094726085663,mesa_v671_final_rb_ha_r5403,current_root
MHEALTH,random_basis,5403,width_3half,0.5404940247535706,0.39952704310417175,mesa_v671_final_rb_mh_r5403,current_root
OPPORTUNITY,random_basis,5403,dropout_0p1,0.6984299421310425,0.5503391623497009,mesa_v671_final_rb_op_r5403,current_root
PAMAP2,random_basis,5403,width_3half,0.8693539500236511,0.4652937948703766,mesa_v671_final_rb_pa_r5403,current_root
